id,Name,taskId,taskResult,failureReason
1,test501,852998d9-fdf9-4d37-94aa-c137d6ad535a,SUCCESS,
2,test502,085b60a6-4f34-4380-9bc4-96fa9b5a85e5,SUCCESS,
3,test503,188d6e97-b8d7-4815-af20-ff4e4fa5e226,SUCCESS,
4,test504,d679cfd8-ac15-4116-9630-36c8e7bc14b1,SUCCESS,
5,test505,e3983e63-1f2f-4063-83e0-3dafa1db106d,SUCCESS,
6,test506,8a0f6796-6a5a-46fd-ba07-f3b36f4be25d,SUCCESS,
7,test507,c26e3819-553f-42a9-8b65-f56e31c3f408,SUCCESS,
8,test508,9e7827f7-76d4-464f-9a65-0d7d8145ab3b,SUCCESS,
9,test509,f798320a-f8a1-4358-afd6-ec236e895c6b,SUCCESS,
